{
  "name": "Reports",
  "schema": {
    "columns": [
      {
        "name": "Id",
        "type": "System.String"
      },
      {
        "name": "Name",
        "type": "System.String"
      },
      {
        "name": "Description",
        "type": "System.String"
      },
      {
        "name": "ModelId",
        "type": "System.String"
      },
      {
        "name": "QueryJson",
        "type": "System.String"
      },
      {
        "name": "OwnerId",
        "type": "System.String"
      }
    ]
  },
  "data": [
    {
      "Id": "7f73946c-232a-4d3f-b19f-3f89ccd1c5e1",
      "Name": "Sales by countries (last year)",
      "Description": "",
      "ModelId": "adhoc-reporting",
      "QueryJson": "{\r\n  \"id\": \"7f73946c-232a-4d3f-b19f-3f89ccd1c5e1\",\r\n  \"name\": \"Sales by countries (last year)\",\r\n  \"desc\": null,\r\n  \"cols\": [\r\n    {\r\n      \"cptn\": \"Country\",\r\n      \"srt\": 1,\r\n      \"srtidx\": 0,\r\n      \"expr\": {\r\n        \"tag\": 2,\r\n        \"dtype\": 1,\r\n        \"kind\": 2,\r\n        \"id\": \"Customer.Country\"\r\n      }\r\n    },\r\n    {\r\n      \"cptn\": \"Freight Sum\",\r\n      \"srt\": 0,\r\n      \"expr\": {\r\n        \"tag\": 4,\r\n        \"dtype\": 8,\r\n        \"kind\": 0,\r\n        \"func\": \"SUM\",\r\n        \"distinct\": false,\r\n        \"args\": [\r\n          {\r\n            \"tag\": 2,\r\n            \"dtype\": 8,\r\n            \"kind\": 2,\r\n            \"id\": \"Order.Freight\"\r\n          }\r\n        ]\r\n      }\r\n    }\r\n  ],\r\n  \"justsortcols\": [],\r\n  \"root\": {\r\n    \"linking\": 3,\r\n    \"conds\": [\r\n      {\r\n        \"tag\": 1,\r\n        \"op\": \"DateWithinPrevYear\",\r\n        \"exprs\": [\r\n          {\r\n            \"tag\": 2,\r\n            \"dtype\": 12,\r\n            \"kind\": 2,\r\n            \"id\": \"Order.OrderDate\"\r\n          }\r\n        ]\r\n      },\r\n      {\r\n        \"tag\": 1,\r\n        \"op\": \"Equal\",\r\n        \"exprs\": [\r\n          {\r\n            \"tag\": 2,\r\n            \"dtype\": 4,\r\n            \"kind\": 2,\r\n            \"id\": \"OrderDetail.ProductID\"\r\n          },\r\n          {\r\n            \"tag\": 1,\r\n            \"dtype\": 4,\r\n            \"kind\": 0,\r\n            \"val\": \"66\",\r\n            \"txt\": \"\"\r\n          }\r\n        ]\r\n      }\r\n    ]\r\n  }\r\n}",
      "OwnerId": "e85333fd-afab-4d35-9f0e-ce1c16988d6c"
    },
    {
      "Id": "d62c1fc2-2ec4-4d83-a3b5-5593af5c972f",
      "Name": "Empolyee of the year",
      "Description": "",
      "ModelId": "adhoc-reporting",
      "QueryJson": "{\r\n  \"id\": \"d62c1fc2-2ec4-4d83-a3b5-5593af5c972f\",\r\n  \"name\": \"Empolyee of the year\",\r\n  \"desc\": null,\r\n  \"cols\": [\r\n    {\r\n      \"cptn\": \"First name\",\r\n      \"srt\": 0,\r\n      \"expr\": {\r\n        \"tag\": 2,\r\n        \"dtype\": 1,\r\n        \"kind\": 2,\r\n        \"id\": \"Employee.FirstName\"\r\n      }\r\n    },\r\n    {\r\n      \"cptn\": \"Last name\",\r\n      \"srt\": 0,\r\n      \"expr\": {\r\n        \"tag\": 2,\r\n        \"dtype\": 1,\r\n        \"kind\": 2,\r\n        \"id\": \"Employee.LastName\"\r\n      }\r\n    },\r\n    {\r\n      \"cptn\": \"Title\",\r\n      \"srt\": 0,\r\n      \"expr\": {\r\n        \"tag\": 2,\r\n        \"dtype\": 1,\r\n        \"kind\": 2,\r\n        \"id\": \"Employee.Title\"\r\n      }\r\n    },\r\n    {\r\n      \"cptn\": \"Home phone\",\r\n      \"srt\": 0,\r\n      \"expr\": {\r\n        \"tag\": 2,\r\n        \"dtype\": 1,\r\n        \"kind\": 2,\r\n        \"id\": \"Employee.HomePhone\"\r\n      }\r\n    },\r\n    {\r\n      \"cptn\": \"Unit price Sum\",\r\n      \"srt\": 2,\r\n      \"srtidx\": 0,\r\n      \"expr\": {\r\n        \"tag\": 4,\r\n        \"dtype\": 8,\r\n        \"kind\": 0,\r\n        \"func\": \"SUM\",\r\n        \"distinct\": false,\r\n        \"args\": [\r\n          {\r\n            \"tag\": 2,\r\n            \"dtype\": 8,\r\n            \"kind\": 2,\r\n            \"id\": \"OrderDetail.UnitPrice\"\r\n          }\r\n        ]\r\n      }\r\n    }\r\n  ],\r\n  \"justsortcols\": [],\r\n  \"root\": {\r\n    \"linking\": 3,\r\n    \"conds\": [\r\n      {\r\n        \"tag\": 1,\r\n        \"op\": \"DateWithinPrevYear\",\r\n        \"exprs\": [\r\n          {\r\n            \"tag\": 2,\r\n            \"dtype\": 12,\r\n            \"kind\": 2,\r\n            \"id\": \"Order.OrderDate\"\r\n          }\r\n        ]\r\n      },\r\n      {\r\n        \"tag\": 1,\r\n        \"op\": \"Equal\",\r\n        \"exprs\": [\r\n          {\r\n            \"tag\": 2,\r\n            \"dtype\": 1,\r\n            \"kind\": 2,\r\n            \"id\": \"Customer.Country\"\r\n          },\r\n          {\r\n            \"tag\": 1,\r\n            \"dtype\": 1,\r\n            \"kind\": 0,\r\n            \"val\": \"USA\",\r\n            \"txt\": \"\"\r\n          }\r\n        ]\r\n      }\r\n    ]\r\n  }\r\n}",
      "OwnerId": "e85333fd-afab-4d35-9f0e-ce1c16988d6c"
    },
    {
      "Id": "d75a7858-9d8c-4bc0-96af-d9402ad3bcca",
      "Name": "Sales by product (this year)",
      "Description": "",
      "ModelId": "adhoc-reporting",
      "QueryJson": "{\r\n  \"id\": \"d75a7858-9d8c-4bc0-96af-d9402ad3bcca\",\r\n  \"name\": \"Sales by product (this year)\",\r\n  \"desc\": null,\r\n  \"cols\": [\r\n    {\r\n      \"cptn\": \"Name\",\r\n      \"srt\": 0,\r\n      \"expr\": {\r\n        \"tag\": 2,\r\n        \"dtype\": 1,\r\n        \"kind\": 2,\r\n        \"id\": \"Product.Name\"\r\n      }\r\n    },\r\n    {\r\n      \"cptn\": \"Freight Sum\",\r\n      \"srt\": 0,\r\n      \"expr\": {\r\n        \"tag\": 4,\r\n        \"dtype\": 8,\r\n        \"kind\": 0,\r\n        \"func\": \"SUM\",\r\n        \"distinct\": false,\r\n        \"args\": [\r\n          {\r\n            \"tag\": 2,\r\n            \"dtype\": 8,\r\n            \"kind\": 2,\r\n            \"id\": \"Order.Freight\"\r\n          }\r\n        ]\r\n      }\r\n    }\r\n  ],\r\n  \"justsortcols\": [],\r\n  \"root\": {\r\n    \"linking\": 3,\r\n    \"conds\": [\r\n      {\r\n        \"tag\": 1,\r\n        \"op\": \"DateWithinThisYear\",\r\n        \"exprs\": [\r\n          {\r\n            \"tag\": 2,\r\n            \"dtype\": 12,\r\n            \"kind\": 2,\r\n            \"id\": \"Order.OrderDate\"\r\n          }\r\n        ]\r\n      },\r\n      {\r\n        \"tag\": 1,\r\n        \"op\": \"Equal\",\r\n        \"exprs\": [\r\n          {\r\n            \"tag\": 2,\r\n            \"dtype\": 1,\r\n            \"kind\": 2,\r\n            \"id\": \"Customer.Country\"\r\n          },\r\n          {\r\n            \"tag\": 1,\r\n            \"dtype\": 1,\r\n            \"kind\": 0,\r\n            \"val\": \"USA\",\r\n            \"txt\": \"USA\"\r\n          }\r\n        ]\r\n      }\r\n    ]\r\n  }\r\n}",
      "OwnerId": "e85333fd-afab-4d35-9f0e-ce1c16988d6c"
    }
  ]
}