{
  "name": "Shippers",
  "schema": {
    "columns": [
      {
        "name": "ShipperID",
        "type": "System.Int32"
      },
      {
        "name": "CompanyName",
        "type": "System.String"
      },
      {
        "name": "Phone",
        "type": "System.String"
      }
    ]
  },
  "data": [
    {
      "ShipperID": 1,
      "CompanyName": "Speedy Express",
      "Phone": "(503) 555-9831"
    },
    {
      "ShipperID": 2,
      "CompanyName": "United Package",
      "Phone": "(503) 555-3199"
    },
    {
      "ShipperID": 3,
      "CompanyName": "Federal Shipping",
      "Phone": "(503) 555-9931"
    }
  ]
}